해석,음식,단어
검소한,가락국수,검소한 가락국수
독특한,가래떡,독특한 가래떡
무지한,가오리찜,무지한 가오리찜
별난,가자미,별난 가자미
엄격한,가자미구이,엄격한 가자미구이
정신이 초롱초롱한,가자미식해,정신이 초롱초롱한 가자미식해
조잡한,가자미조림,조잡한 가자미조림
가느다란,가지,가느다란 가지
가혹한,가지나물,가혹한 가지나물
간결한,가지선,간결한 가지선
간단한,가지전,간단한 가지전
감동적인,가지찜,감동적인 가지찜
감상적인,간볶음,감상적인 간볶음
감탄하는,간장,감탄하는 간장
갑작스러운,간장게장,갑작스러운 간장게장
강력한,간전,강력한 간전
강렬한,간회,강렬한 간회
객관적인,갈비구이,객관적인 갈비구이
거대한,갈비찜,거대한 갈비찜
거만한,갈비탕,거만한 갈비탕
거친,갈치구이,거친 갈치구이
걱정스러운,갈치조림,걱정스러운 갈치조림
건강에 좋은,감,건강에 좋은 감
건설적인,감자,건설적인 감자
검소한,감자떡,검소한 감자떡
겁 많은,감자볶음,겁 많은 감자볶음
신중한,감자송편,신중한 감자송편
겁나 많은,감자전,겁나 많은 감자전
겁에 질린,감자조림,겁에 질린 감자조림
게으른,감잣국,게으른 감잣국
결백한,갓김치,결백한 갓김치
겸손한,강냉이밥,겸손한 강냉이밥
고독한,강냉이범벅,고독한 강냉이범벅
고상한,강정,고상한 강정
고양이를 좋아하는,갖은양념,고양이를 좋아하는 갖은양념
고요한,개피떡,고요한 개피떡
고집 센,건어포,고집 센 건어포
공격적인,겉절이,공격적인 겉절이
공경할 만한,게,공경할 만한 게
공손한,게살전,공손한 게살전
공정한,게장,공정한 게장
교만한,겨자채,교만한 겨자채
교활한,겨자초장,교활한 겨자초장
국산,결명자차,국산 결명자차
군대,경단,군대 경단
귀중한,계란,귀중한 계란
그럴 듯한,계란탕,그럴 듯한 계란탕
근면한,계피차,근면한 계피차
근본 없는,고구마,근본 없는 고구마
긍정적인,고구마순나물,긍정적인 고구마순나물
기름진,고구마전,기름진 고구마전
기묘한,고구마튀김,기묘한 고구마튀김
기쁜,고들빼기김치,기쁜 고들빼기김치
긴장을 푼,고등어구이,긴장을 푼 고등어구이
길 잃은,고등어조림,길 잃은 고등어조림
깜짝 놀란,고명,깜짝 놀란 고명
깨끗한,고물,깨끗한 고물
끊임없는,고사리,끊임없는 고사리
나는,고사리나물,나는 고사리나물
낙담한,고추,낙담한 고추
난처한,고추볶음,난처한 고추볶음
날아다니는,고추장,날아다니는 고추장
날카로운,고추장아찌,날카로운 고추장아찌
낭만적인,고추전,낭만적인 고추전
내가 좋아하는,고추조림,내가 좋아하는 고추조림
내성적인,고추찜,내성적인 고추찜
내키지 않는,고춧가루,내키지 않는 고춧가루
냉담한,고춧잎나물,냉담한 고춧잎나물
냉소적인,골동반,냉소적인 골동반
냉정한,골뱅이무침,냉정한 골뱅이무침
너그러운,곰국수,너그러운 곰국수
너를 기다리는,곰탕/곰국,너를 기다리는 곰탕/곰국
넘어진,곱창,넘어진 곱창
노란,곱창구이,노란 곱창구이
논쟁적인,곱창전골,논쟁적인 곱창전골
놀란,곶감,놀란 곶감
누구나 탐내는,과편,누구나 탐내는 과편
눈에 띄는,광어회,눈에 띄는 광어회
눈에 보이는,구기자차,눈에 보이는 구기자차
다양한,구절판,다양한 구절판
단조로운,국,단조로운 국
공손한,국밥,공손한 국밥
단호한,국수,단호한 국수
당황한,국수장국,당황한 국수장국
대기타고 있는,국수전골,대기타고 있는 국수전골
대담한,국화주,대담한 국화주
덧없는,굴,덧없는 굴
도덕적인,굴밥,도덕적인 굴밥
동그란,굴비,동그란 굴비
동정받는,굴전,동정받는 굴전
두꺼운,굴젓,두꺼운 굴젓
두려운,굴탕,두려운 굴탕
둔한,굴튀김,둔한 굴튀김
드문,귤,드문 귤
듣도 보도 못한,김,듣도 보도 못한 김
따뜻한,김구이,따뜻한 김구이
딱딱한,김무침,딱딱한 김무침
똑똑한,김밥,똑똑한 김밥
뛰어난,김부각,뛰어난 김부각
마음이 따뜻한,김치,마음이 따뜻한 김치
마음이 약한,김치냉면,마음이 약한 김치냉면
만능 엔터테이너,김치누름적,만능 엔터테이너 김치누름적
만족스러운,김치만두,만족스러운 김치만두
맛있는,김치말이,맛있는 김치말이
매우 높은,김치밥,매우 높은 김치밥
매우 많은 양의,김치볶음,매우 많은 양의 김치볶음
매혹적인,김치볶음밥,매혹적인 김치볶음밥
머리아픈,김치전,머리아픈 김치전
명백한,김치찌개,명백한 김치찌개
모욕적인,김칫국,모욕적인 김칫국
몹시 작은,깍두기,몹시 작은 깍두기
몹쓸,깨,몹쓸 깨
못된,깨강정,못된 깨강정
무관심한,깨국수,무관심한 깨국수
대담한,깨소금,대담한 깨소금
무례한,깨죽,무례한 깨죽
무모한,깻국,무모한 깻국
무서운,깻잎,무서운 깻잎
빛나는,깻잎나물,빛나는 깻잎나물
무서워하는,깻잎부각,무서워하는 깻잎부각
무심한,깻잎장아찌,무심한 깻잎장아찌
무자비한,깻잎전,무자비한 깻잎전
문 밖의,꼬리곰탕,문 밖의 꼬리곰탕
물리적인,꼬막무침,물리적인 꼬막무침
물에 빠진,꼬치구이,물에 빠진 꼬치구이
미래에서 온,꼴뚜기젓,미래에서 온 꼴뚜기젓
아름다운,꽁치,아름다운 꽁치
미묘한,꽁치구이,미묘한 꽁치구이
미숙한,꽁치조림,미숙한 꽁치조림
민감한,꽃게,민감한 꽃게
바람직한,꽃게찜,바람직한 꽃게찜
반어적인,꽃게탕,반어적인 꽃게탕
발명에 재능이 있는,꾸미,발명에 재능이 있는 꾸미
배부른,꿩고기,배부른 꿩고기
배우가 되고 싶은,꿩구이,배우가 되고 싶은 꿩구이
변덕스러운,꿩김치,변덕스러운 꿩김치
변하기 쉬운,꿩만두,변하기 쉬운 꿩만두
변함없는,꿩칼국수,변함없는 꿩칼국수
별난,나물,별난 나물
보다 열등한,나박김치,보다 열등한 나박김치
보수적인,낙지,보수적인 낙지
보통의,낙지볶음,보통의 낙지볶음
복잡한,낙지전골,복잡한 낙지전골
부끄러운,낙지회,부끄러운 낙지회
부드러운,내장탕,부드러운 내장탕
부러워 하는,냉국,부러워 하는 냉국
부정적인,냉국수,부정적인 냉국수
부족한,냉면,부족한 냉면
부주의한,냉이,부주의한 냉이
북극에서 온,냉이나물,북극에서 온 냉이나물
분노에 찬,냉잇국,분노에 찬 냉잇국
분명한,너비아니,분명한 너비아니
불량한,노각생채,불량한 노각생채
불쌍한,녹두,불쌍한 녹두
불안한,녹두묵,불안한 녹두묵
불운한,녹두빈대떡,불운한 녹두빈대떡
불합리한,녹두죽,불합리한 녹두죽
비 맞은,녹차,비 맞은 녹차
비공식적인,녹차밥,비공식적인 녹차밥
비관적인,농어,비관적인 농어
비극적인,누룽지,비극적인 누룽지
비꼬는,누름적,비꼬는 누름적
비슷한,다슬깃국,비슷한 다슬깃국
비정상적인,다시마,비정상적인 다시마
비참한,다시마쌈,비참한 다시마쌈
비판적인,다시마조림,비판적인 다시마조림
빈약한,다시마튀각,빈약한 다시마튀각
빈정거리는,다식,빈정거리는 다식
빈틈없는,단자,빈틈없는 단자
빛나는,달걀,빛나는 달걀
빠른,달걀부침,빠른 달걀부침
뻣뻣한,달걀장조림,뻣뻣한 달걀장조림
사교적인,달걀찜,사교적인 달걀찜
사나운,달래,사나운 달래
사려 깊은,달래무침,사려 깊은 달래무침
사소한,닭갈비구이,사소한 닭갈비구이
외로운,닭강정,외로운 닭강정
사악한,닭고기,사악한 닭고기
상대적인,닭곰탕,상대적인 닭곰탕
생생한,닭고기구이,생생한 닭고기구이
서러운,닭똥집,서러운 닭똥집
섬세한,닭백숙,섬세한 닭백숙
성난,닭볶음,성난 닭볶음
성숙된,닭조림,성숙된 닭조림
성질을 잘내는,닭죽,성질을 잘내는 닭죽
세계 제일의,닭찜,세계 제일의 닭찜
세상에 무관심한,닭칼국수,세상에 무관심한 닭칼국수
소심한,닭튀김,소심한 닭튀김
솔직한,담북장찌개,솔직한 담북장찌개
수다쟁이,담채죽,수다쟁이 담채죽
수심에 잠긴,당귀차,수심에 잠긴 당귀차
수육이 되고 싶은,대게찜,수육이 되고 싶은 대게찜
수줍어하는,대구,수줍어하는 대구
숙달된,대구섞박지,숙달된 대구섞박지
순수한,대구탕,순수한 대구탕
순진한,대나무통밥,순진한 대나무통밥
숭고한,대추,숭고한 대추
스테미나,대추단자,스테미나 대추단자
슬퍼하는,대추생강차,슬퍼하는 대추생강차
슬픈,대추죽,슬픈 대추죽
습기 찬,대추차,습기 찬 대추차
시간을 잘 지키는,대추초,시간을 잘 지키는 대추초
시끄러운,대하,시끄러운 대하
시무룩한,대하구이,시무룩한 대하구이
신경질적인,대하전,신경질적인 대하전
신비한,대하찜,신비한 대하찜
신성한,대합,신성한 대합
신속한,대합구이,신속한 대합구이
신중한,대합별탕,신중한 대합별탕
심각한,대합전골,심각한 대합전골
심오한,대합죽,심오한 대합죽
심한,대합찜,심한 대합찜
쓸 데 없는,더덕,쓸 데 없는 더덕
쓸모없는,더덕구이,쓸모없는 더덕구이
쓸쓸한,더덕김치,쓸쓸한 더덕김치
정확한,더덕무침,정확한 더덕무침
아름다운,더덕생채,아름다운 더덕생채
아주 귀중한,더덕장아찌,아주 귀중한 더덕장아찌
악명 높은,도가니탕,악명 높은 도가니탕
안도의,도라지,안도의 도라지
안락한,도라지나물,안락한 도라지나물
알고 있는,도라지생채,알고 있는 도라지생채
알맞은,도라지정과,알맞은 도라지정과
애매한,도미,애매한 도미
야만적인,도미구이,야만적인 도미구이
야비한,도미조림,야비한 도미조림
야심찬,도미죽,야심찬 도미죽
이기적인,도미찜,이기적인 도미찜
약 오르는,도미회,약 오르는 도미회
어두운,도토리,어두운 도토리
어리둥절한,도토리냉면,어리둥절한 도토리냉면
어리석은,도토리떡,어리석은 도토리떡
어리숙한,도토리묵,어리숙한 도토리묵
어색한,돌나물,어색한 돌나물
어설픈,돌솥밥,어설픈 돌솥밥
어이없는,돌솥비빔밥,어이없는 돌솥비빔밥
억울한,동동주,억울한 동동주
얼굴을 붉히는,동치미,얼굴을 붉히는 동치미
엄격한,동치미냉면,엄격한 동치미냉면
엄숙한,동태,엄숙한 동태
엄청난,동태매운탕,엄청난 동태매운탕
엄한,동태섞박지,엄한 동태섞박지
열렬한,동태찌개,열렬한 동태찌개
열정적인,돼지갈비강정,열정적인 돼지갈비강정
염치없는,돼지갈비구이,염치없는 돼지갈비구이
영원한,돼지갈비찜,영원한 돼지갈비찜
오래 견디는,돼지고기,오래 견디는 돼지고기
오래된,돼지고기구이,오래된 돼지고기구이
겁 많은,돼지고기김치볶음,겁 많은 돼지고기김치볶음
오만한,돼지고기볶음,오만한 돼지고기볶음
온화한,돼지고기편육,온화한 돼지고기편육
공격적인,돼지머리편육,공격적인 돼지머리편육
완고한,돼지불고기,완고한 돼지불고기
완전한,되비지찌개,완전한 되비지찌개
왕의,된장,왕의 된장
외로운,된장국,외로운 된장국
우스꽝스러운,된장찌개,우스꽝스러운 된장찌개
우울한,두견주,우울한 두견주
귀중한,두견화전,귀중한 두견화전
우쭐해진,두루치기,우쭐해진 두루치기
긍정적인,두릅,긍정적인 두릅
적극적인,두릅나물,적극적인 두릅나물
웃고있는,두릅산적,웃고있는 두릅산적
원시적인,두릅전,원시적인 두릅전
원자의,두릅회,원자의 두릅회
위엄이 있는,두부,위엄이 있는 두부
유식한,두부부침 ,유식한 두부부침 
유용한,두부선,유용한 두부선
유일한,두부전골,유일한 두부전골
유죄의,두부젓국찌개,유죄의 두부젓국찌개
유창한,두부조림,유창한 두부조림
너그러운,두부지짐,너그러운 두부지짐
은혜갚은,두부찌개,은혜갚은 두부찌개
음침한,두텁떡,음침한 두텁떡
음흉한,들기름,음흉한 들기름
의기소침한,들깨,의기소침한 들깨
의기양양한,들깨엿강정,의기양양한 들깨엿강정
의미있는,들깨죽,의미있는 들깨죽
의식하는,등심구이,의식하는 등심구이
의심스러운,따로국밥,의심스러운 따로국밥
의심스런,딸기,의심스런 딸기
이 세상 마지막,땅콩,이 세상 마지막 땅콩
이기적인,떡,이기적인 떡
이상한,떡갈비,이상한 떡갈비
이질적인,떡국,이질적인 떡국
익살스러운,떡꼬치구이,익살스러운 떡꼬치구이
익숙한,떡만둣국,익숙한 떡만둣국
익은,떡볶이,익은 떡볶이
인간의,떡산적,인간의 떡산적
인공적인 맛,라면,인공적인 맛 라면
인기 있는,마늘,인기 있는 마늘
변덕스러운,마늘장아찌,변덕스러운 마늘장아찌
인상적인,마늘종,인상적인 마늘종
자기 만족의,마늘종볶음,자기 만족의 마늘종볶음
자랑하는,마늘종장아찌,자랑하는 마늘종장아찌
자발적인,마른안주,자발적인 마른안주
자신감이 차오른,막걸리,자신감이 차오른 막걸리
작은,막국수,작은 막국수
부끄러운,막김치,부끄러운 막김치
잔인한,막장,잔인한 막장
장난꾸러기,만두,장난꾸러기 만두
장대한,만두전골,장대한 만두전골
재주있는,만둣국,재주있는 만둣국
재치있는,맑은장국,재치있는 맑은장국
저렴한,매실,저렴한 매실
저명한,매실주,저명한 매실주
적극적인,매운탕,적극적인 매운탕
비참한,매작과,비참한 매작과
적당한,머위나물,적당한 머위나물
적대적인,먹장어구이,적대적인 먹장어구이
불합리한,먹장어회,불합리한 먹장어회
적은 양의,멍게,적은 양의 멍게
적절한,메기매운탕,적절한 메기매운탕
전형적인,메밀,전형적인 메밀
절대적인,메밀국수,절대적인 메밀국수
정 많은,메밀묵,정 많은 메밀묵
정교한,메주,정교한 메주
정보를 제공하는,멸치,정보를 제공하는 멸치
정신적인,멸치볶음,정신적인 멸치볶음
우울한,명란,우울한 명란
정중한,명란젓,정중한 명란젓
정직한,명란찌개,정직한 명란찌개
정확한,명란찜,정확한 명란찜
제 정신의,명태,제 정신의 명태
신경질적인,모과,신경질적인 모과
조바심을 내는,모과차,조바심을 내는 모과차
조용한,모둠전,조용한 모둠전
존경할 만한,모둠회,존경할 만한 모둠회
주목할 만한,무,주목할 만한 무
주저하는,무나물,주저하는 무나물
죽을 운명의,무말랭이무침,죽을 운명의 무말랭이무침
줄지않는,무말랭이장아찌,줄지않는 무말랭이장아찌
중국산,무생채,중국산 무생채
즐거운,무지개떡,즐거운 무지개떡
당황한,무채무침,당황한 무채무침
지나친,무청김치,지나친 무청김치
지독한,묵,지독한 묵
완고한,문배주,완고한 문배주
지루한,문어,지루한 문어
우울한,문어숙회,우울한 문어숙회
지방에서 올라온,물김치,지방에서 올라온 물김치
진지한,물냉면,진지한 물냉면
순진한,물만두,순진한 물만두
질긴,물엿,질긴 물엿
질투많은,무맑은탕,질투많은 무맑은탕
집에 가고싶은,미나리,집에 가고싶은 미나리
집중하는,미나리강회,집중하는 미나리강회
쪼개진,미나리무침,쪼개진 미나리무침
매혹적인,미더덕찜,매혹적인 미더덕찜
이기적인,미삼무침,이기적인 미삼무침
차가운,미숫가루,차가운 미숫가루
참을 수 없는,미역,참을 수 없는 미역
창의적인,미역국,창의적인 미역국
창피한,미역냉국,창피한 미역냉국
책 읽는,미역무침,책 읽는 미역무침
시끄러운,미역쌈,시끄러운 미역쌈
처음의,미역초회,처음의 미역초회
천한,미음,천한 미음
총명한,민어,총명한 민어
최초의,민어구이,최초의 민어구이
변덕스러운,민어매운탕,변덕스러운 민어매운탕
조용한,민어포,조용한 민어포
추운,밀감,추운 밀감
출출한,밀쌈,출출한 밀쌈
춤추는,밑반찬,춤추는 밑반찬
존경할 만한,바람떡,존경할 만한 바람떡
친절한,박오가리나물,친절한 박오가리나물
침울한,반찬,침울한 반찬
지루한,밤,지루한 밤
침착한,밤단자,침착한 밤단자
탐정,밤초,탐정 밤초
튼튼한,밥,튼튼한 밥
편견없는,배,편견없는 배
평화로운,배숙,평화로운 배숙
폭력적인,배추,폭력적인 배추
푸석푸석한,배추겉절이,푸석푸석한 배추겉절이
하찮은,배추김치,하찮은 배추김치
우스꽝스러운,배추꼬릿국,우스꽝스러운 배추꼬릿국
학교 가는,배추속댓국,학교 가는 배추속댓국
호의적인,배춧국,호의적인 배춧국
긍정적인,백김치,긍정적인 백김치
혼란스러운,백반,혼란스러운 백반
확실한,백설기,확실한 백설기
회의적인,밴댕이젓,회의적인 밴댕이젓
냉소적인,뱅어포,냉소적인 뱅어포
흥분한,버섯,흥분한 버섯
힙합을 즐기는,버섯국,힙합을 즐기는 버섯국
검소한,버섯볶음,검소한 버섯볶음
독특한,버섯전골,독특한 버섯전골
무지한,경주법주,무지한 경주법주
별난,보리밥,별난 보리밥
엄격한,보리수단,엄격한 보리수단
정신이 초롱초롱한,보리차,정신이 초롱초롱한 보리차
조잡한,보신탕,조잡한 보신탕
가느다란,보쌈,가느다란 보쌈
가혹한,보쌈김치,가혹한 보쌈김치
간결한,복어,간결한 복어
간단한,복어매운탕,간단한 복어매운탕
감동적인,복숭아,감동적인 복숭아
감상적인,복어회,감상적인 복어회
감탄하는,복어지리,감탄하는 복어지리
갑작스러운,복어찜,갑작스러운 복어찜
강력한,볶음밥,강력한 볶음밥
강렬한,부각,강렬한 부각
객관적인,부대찌개,객관적인 부대찌개
거대한,부추,거대한 부추
거만한,부추김치,거만한 부추김치
거친,부추전,거친 부추전
걱정스러운,북어,걱정스러운 북어
건강에 좋은,북어구이,건강에 좋은 북어구이
건설적인,북어껍질국,건설적인 북어껍질국
검소한,북어무침,검소한 북어무침
겁 많은,북어보푸라기,겁 많은 북어보푸라기
신중한,북어조림,신중한 북어조림
겁나 많은,북어찜,겁나 많은 북어찜
겁에 질린,북엇국,겁에 질린 북엇국
게으른,불갈비,게으른 불갈비
결백한,불고기,결백한 불고기
겸손한,불고기뚝배기,겸손한 불고기뚝배기
고독한,불낙전골,고독한 불낙전골
고상한,불백정식,고상한 불백정식
고양이를 좋아하는,붕어찜,고양이를 좋아하는 붕어찜
고요한,무비늘김치,고요한 무비늘김치
고집 센,비빔국수,고집 센 비빔국수
공격적인,비빔냉면,공격적인 비빔냉면
공경할 만한,비빔밥,공경할 만한 비빔밥
공손한,비지찌개,공손한 비지찌개
공정한,빈대떡,공정한 빈대떡
교만한,빙수,교만한 빙수
교활한,사골,교활한 사골
국산,사과,국산 사과
군대,사슬어산적,군대 사슬어산적
귀중한,사태찜,귀중한 사태찜
그럴 듯한,산자,그럴 듯한 산자
근면한,산적,근면한 산적
근본 없는,산채비빔밥,근본 없는 산채비빔밥
긍정적인,살구,긍정적인 살구
기름진,살구편,기름진 살구편
기묘한,삼겹살구이,기묘한 삼겹살구이
기쁜,삼계탕,기쁜 삼계탕
긴장을 푼,삼치,긴장을 푼 삼치
길 잃은,삼합장과,길 잃은 삼합장과
깜짝 놀란,상추,깜짝 놀란 상추
깨끗한,상추겉절이,깨끗한 상추겉절이
끊임없는,상추쌈,끊임없는 상추쌈
나는,새우,나는 새우
낙담한,새우젓,낙담한 새우젓
난처한,새우튀김,난처한 새우튀김
날아다니는,생갈비구이,날아다니는 생갈비구이
날카로운,생강,날카로운 생강
낭만적인,생강정과,낭만적인 생강정과
내가 좋아하는,생강차,내가 좋아하는 생강차
내성적인,생률,내성적인 생률
내키지 않는,생선전,내키지 않는 생선전
냉담한,생선초밥,냉담한 생선초밥
냉소적인,생선회,냉소적인 생선회
냉정한,생채,냉정한 생채
너그러운,생치만두,너그러운 생치만두
너를 기다리는,석화전,너를 기다리는 석화전
넘어진,섞박지,넘어진 섞박지
노란,섞어찌개,노란 섞어찌개
논쟁적인,선지해장국,논쟁적인 선지해장국
놀란,설렁탕,놀란 설렁탕
누구나 탐내는,섭산적,누구나 탐내는 섭산적
눈에 띄는,성게,눈에 띄는 성게
눈에 보이는,성게젓,눈에 보이는 성게젓
다양한,성겟국,다양한 성겟국
단조로운,소라,단조로운 소라
공손한,소라무침,공손한 소라무침
단호한,소라회,단호한 소라회
당황한,소면,당황한 소면
대기타고 있는,소박이김치,대기타고 있는 소박이김치
대담한,소주,대담한 소주
덧없는,송이,덧없는 송이
도덕적인,송이밥,도덕적인 송이밥
동그란,송이볶음,동그란 송이볶음
동정받는,송이산적,동정받는 송이산적
두꺼운,송이전골,두꺼운 송이전골
두려운,송이찜,두려운 송이찜
둔한,송편,둔한 송편
드문,쇠고기,드문 쇠고기
듣도 보도 못한,쇠고기맑은장국,듣도 보도 못한 쇠고기맑은장국
따뜻한,쇠고기산적,따뜻한 쇠고기산적
딱딱한,쇠고기소금구이,딱딱한 쇠고기소금구이
똑똑한,쇠고기전골,똑똑한 쇠고기전골
뛰어난,쇠고기튀김,뛰어난 쇠고기튀김
마음이 따뜻한,쇠꼬리찜,마음이 따뜻한 쇠꼬리찜
마음이 약한,쇠머리떡,마음이 약한 쇠머리떡
만능 엔터테이너,쇠머리편육,만능 엔터테이너 쇠머리편육
만족스러운,수란,만족스러운 수란
맛있는,수박,맛있는 수박
매우 높은,수삼정과,매우 높은 수삼정과
매우 많은 양의,수수,매우 많은 양의 수수
매혹적인,수수경단,매혹적인 수수경단
머리아픈,수수부꾸미 ,머리아픈 수수부꾸미 
명백한,수수팥떡,명백한 수수팥떡
모욕적인,수육,모욕적인 수육
몹시 작은,수정과,몹시 작은 수정과
몹쓸,수제비,몹쓸 수제비
못된,숙실과,못된 숙실과
무관심한,숙주나물,무관심한 숙주나물
대담한,순대,대담한 순대
무례한,순댓국,무례한 순댓국
무모한,순두부,무모한 순두부
무서운,순두부찌개,무서운 순두부찌개
빛나는,순무김치,빛나는 순무김치
무서워하는,술떡,무서워하는 술떡
무심한,숭늉,무심한 숭늉
무자비한,숯불갈비,무자비한 숯불갈비
문 밖의,시금치,문 밖의 시금치
물리적인,시금칫국,물리적인 시금칫국
물에 빠진,시래기,물에 빠진 시래기
미래에서 온,시래기나물,미래에서 온 시래기나물
아름다운,시래기찌개,아름다운 시래기찌개
미묘한,시래깃국,미묘한 시래깃국
미숙한,시루떡,미숙한 시루떡
민감한,식초,민감한 식초
바람직한,식혜,바람직한 식혜
반어적인,신선로,반어적인 신선로
발명에 재능이 있는,싸리버섯,발명에 재능이 있는 싸리버섯
배부른,쌈,배부른 쌈
배우가 되고 싶은,쌈밥,배우가 되고 싶은 쌈밥
변덕스러운,쌍화차,변덕스러운 쌍화차
변하기 쉬운,쏘가리매운탕,변하기 쉬운 쏘가리매운탕
변함없는,쑥,변함없는 쑥
별난,쑥갓,별난 쑥갓
보다 열등한,쑥경단,보다 열등한 쑥경단
보수적인,쑥국,보수적인 쑥국
보통의,쑥국수,보통의 쑥국수
복잡한,쑥떡,복잡한 쑥떡
부끄러운,씀바귀,부끄러운 씀바귀
부드러운,씀바귀나물,부드러운 씀바귀나물
부러워 하는,아구,부러워 하는 아구
부정적인,아구찜,부정적인 아구찜
부족한,아구탕,부족한 아구탕
부주의한,아욱국,부주의한 아욱국
북극에서 온,안동소주,북극에서 온 안동소주
분노에 찬,안동찜닭,분노에 찬 안동찜닭
분명한,안주,분명한 안주
불량한,알타리김치,불량한 알타리김치
불쌍한,알탕,불쌍한 알탕
불안한,애저찜,불안한 애저찜
불운한,약과,불운한 약과
불합리한,약밥,불합리한 약밥
비 맞은,약주,비 맞은 약주
비공식적인,양곰탕,비공식적인 양곰탕
비관적인,양곱창구이,비관적인 양곱창구이
비극적인,양념간장,비극적인 양념간장
비꼬는,양념게장,비꼬는 양념게장
비슷한,양무침,비슷한 양무침
비정상적인,양송이,비정상적인 양송이
비참한,양즙탕,비참한 양즙탕
비판적인,어글탕,비판적인 어글탕
빈약한,어리굴젓,빈약한 어리굴젓
빈정거리는,어만두,빈정거리는 어만두
빈틈없는,어복쟁반,빈틈없는 어복쟁반
빛나는,어선,빛나는 어선
빠른,연근,빠른 연근
뻣뻣한,연근전,뻣뻣한 연근전
사교적인,연근정과,사교적인 연근정과
사나운,연근조림,사나운 연근조림
사려 깊은,연어,사려 깊은 연어
사소한,열무,사소한 열무
외로운,열무김치,외로운 열무김치
사악한,열무냉면,사악한 열무냉면
상대적인,염통구이,상대적인 염통구이
생생한,엿,생생한 엿
서러운,엿강정,서러운 엿강정
섬세한,영계백숙,섬세한 영계백숙
성난,오곡밥,성난 오곡밥
성숙된,오골계탕,성숙된 오골계탕
성질을 잘내는,오리,성질을 잘내는 오리
세계 제일의,오리구이,세계 제일의 오리구이
세상에 무관심한,오리탕,세상에 무관심한 오리탕
소심한,오미자,소심한 오미자
솔직한,오미자차,솔직한 오미자차
수다쟁이,오미자화채,수다쟁이 오미자화채
수심에 잠긴,오분자기,수심에 잠긴 오분자기
수육이 되고 싶은,오분자기젓,수육이 되고 싶은 오분자기젓
수줍어하는,오분자기찜,수줍어하는 오분자기찜
숙달된,오이,숙달된 오이
순수한,오이냉국,순수한 오이냉국
순진한,오이무침,순진한 오이무침
숭고한,오이볶음,숭고한 오이볶음
스테미나,오이생채,스테미나 오이생채
슬퍼하는,오이선,슬퍼하는 오이선
슬픈,오이소박이,슬픈 오이소박이
습기 찬,오이장아찌,습기 찬 오이장아찌
시간을 잘 지키는,오이지,시간을 잘 지키는 오이지
시끄러운,오징어,시끄러운 오징어
시무룩한,오징어구이,시무룩한 오징어구이
신경질적인,오징어덮밥,신경질적인 오징어덮밥
신비한,오징어무침,신비한 오징어무침
신성한,오징어불고기,신성한 오징어불고기
신속한,오징어숙회,신속한 오징어숙회
신중한,오징어순대,신중한 오징어순대
심각한,오징어젓,심각한 오징어젓
심오한,오징어채무침,심오한 오징어채무침
심한,오징어채볶음,심한 오징어채볶음
쓸 데 없는,오징어회,쓸 데 없는 오징어회
쓸모없는,옥돔,쓸모없는 옥돔
쓸쓸한,옥돔구이,쓸쓸한 옥돔구이
정확한,옥돔미역국,정확한 옥돔미역국
아름다운,옥돔주,아름다운 옥돔주
아주 귀중한,옥수수밥,아주 귀중한 옥수수밥
악명 높은,온면,악명 높은 온면
안도의,올갱잇국,안도의 올갱잇국
안락한,온반,안락한 온반
알고 있는,왁저지,알고 있는 왁저지
알맞은,완자전,알맞은 완자전
애매한,완자탕,애매한 완자탕
야만적인,용봉탕,야만적인 용봉탕
야비한,우거지탕,야비한 우거지탕
야심찬,우둔찜,야심찬 우둔찜
이기적인,우렁된장찌개,이기적인 우렁된장찌개
약 오르는,우렁찜,약 오르는 우렁찜
어두운,우설,어두운 우설
어리둥절한,우엉,어리둥절한 우엉
어리석은,우엉조림,어리석은 우엉조림
어리숙한,웃기,어리숙한 웃기
어색한,원소병,어색한 원소병
어설픈,원추리나물,어설픈 원추리나물
어이없는,유밀과,어이없는 유밀과
억울한,유자,억울한 유자
얼굴을 붉히는,유자정과,얼굴을 붉히는 유자정과
엄격한,유자차,엄격한 유자차
엄숙한,유과,엄숙한 유과
엄청난,육개장,엄청난 육개장
엄한,육포,엄한 육포
열렬한,육회,열렬한 육회
열정적인,육회돌솥비빔밥,열정적인 육회돌솥비빔밥
염치없는,율란,염치없는 율란
영원한,율무차,영원한 율무차
오래 견디는,은어,오래 견디는 은어
오래된,은행,오래된 은행
겁 많은,이강주,겁 많은 이강주
오만한,인삼,오만한 인삼
온화한,인삼정과,온화한 인삼정과
공격적인,인삼주,공격적인 인삼주
완고한,인삼차,완고한 인삼차
완전한,인절미,완전한 인절미
왕의,임자수탕,왕의 임자수탕
외로운,잉어찜,외로운 잉어찜
우스꽝스러운,잉어회,우스꽝스러운 잉어회
우울한,자리돔구이,우울한 자리돔구이
귀중한,자리돔물회,귀중한 자리돔물회
우쭐해진,자반,우쭐해진 자반
긍정적인,작설차,긍정적인 작설차
적극적인,잔치국수,적극적인 잔치국수
웃고있는,잡누름적,웃고있는 잡누름적
원시적인,잡산적,원시적인 잡산적
원자의,잡채,원자의 잡채
위엄이 있는,잣,위엄이 있는 잣
유식한,잣강정,유식한 잣강정
유용한,잣박산,유용한 잣박산
유일한,잣죽,유일한 잣죽
유죄의,장국밥,유죄의 장국밥
유창한,장김치,유창한 장김치
너그러운,장떡,너그러운 장떡
은혜갚은,장산적,은혜갚은 장산적
음침한,장아찌,음침한 장아찌
음흉한,장어구이,음흉한 장어구이
의기소침한,장조림,의기소침한 장조림
의기양양한,재첩국,의기양양한 재첩국
의미있는,적,의미있는 적
의식하는,전,의식하는 전
의심스러운,전골,의심스러운 전골
의심스런,전복,의심스런 전복
이 세상 마지막,전복죽,이 세상 마지막 전복죽
이기적인,전복찜,이기적인 전복찜
이상한,전복초,이상한 전복초
이질적인,전복회,이질적인 전복회
익살스러운,생선전,익살스러운 생선전
익숙한,전주비빔밥,익숙한 전주비빔밥
익은,절편,익은 절편
인간의,젓갈,인간의 젓갈
인공적인 맛,젓갈,인공적인 맛 젓갈
인기 있는,젓국찌개,인기 있는 젓국찌개
변덕스러운,정과,변덕스러운 정과
인상적인,정식,인상적인 정식
자기 만족의,제육,자기 만족의 제육
자랑하는,보쌈,자랑하는 보쌈
자발적인,제육볶음,자발적인 제육볶음
자신감이 차오른,조개,자신감이 차오른 조개
작은,조개국수,작은 조개국수
부끄러운,조개젓,부끄러운 조개젓
잔인한,모시조개탕,잔인한 모시조개탕
장난꾸러기,조기,장난꾸러기 조기
장대한,조기구이,장대한 조기구이
재주있는,조기매운탕,재주있는 조기매운탕
재치있는,조기젓,재치있는 조기젓
저렴한,조기조림,저렴한 조기조림
저명한,조란,저명한 조란
적극적인,조롱떡국,적극적인 조롱떡국
비참한,조룀,비참한 조룀
적당한,족발,적당한 족발
적대적인,족탕,적대적인 족탕
불합리한,족편,불합리한 족편
적은 양의,주꾸미,적은 양의 주꾸미
적절한,주물럭구이,적절한 주물럭구이
전형적인,주악,전형적인 주악
절대적인,죽,절대적인 죽
정 많은,죽순,정 많은 죽순
정교한,죽순볶음,정교한 죽순볶음
정보를 제공하는,죽순찜,정보를 제공하는 죽순찜
정신적인,죽순채,정신적인 죽순채
우울한,죽순회,우울한 죽순회
정중한,죽염,정중한 죽염
정직한,증편,정직한 증편
정확한,지단,정확한 지단
제 정신의,진달래술,제 정신의 진달래술
신경질적인,진달래화전,신경질적인 진달래화전
조바심을 내는,진달래화채,조바심을 내는 진달래화채
조용한,짠무,조용한 짠무
존경할 만한,쪽파김치,존경할 만한 쪽파김치
주목할 만한,찌개,주목할 만한 찌개
주저하는,찐만두,주저하는 찐만두
죽을 운명의,찜,죽을 운명의 찜
줄지않는,찜닭,줄지않는 찜닭
중국산,반찬,중국산 반찬
즐거운,찰밥,즐거운 찰밥
당황한,수수부꾸미 ,당황한 수수부꾸미 
지나친,참기름,지나친 참기름
지독한,참깨,지독한 참깨
완고한,참나물,완고한 참나물
지루한,참외,지루한 참외
우울한,찹쌀,우울한 찹쌀
지방에서 올라온,찹쌀부꾸미,지방에서 올라온 찹쌀부꾸미
진지한,창란젓,진지한 창란젓
순진한,채소죽,순진한 채소죽
질긴,채소튀김,질긴 채소튀김
질투많은,천엽회,질투많은 천엽회
집에 가고싶은,청각,집에 가고싶은 청각
집중하는,청국장찌개,집중하는 청국장찌개
쪼개진,청어구이,쪼개진 청어구이
매혹적인,청주,매혹적인 청주
이기적인,청포묵,이기적인 청포묵
차가운,초간장,차가운 초간장
참을 수 없는,초고추장,참을 수 없는 초고추장
창의적인,초교탕,창의적인 초교탕
창피한,총각김치,창피한 총각김치
책 읽는,추어탕,책 읽는 추어탕
시끄러운,취나물,시끄러운 취나물
처음의,칠보편포,처음의 칠보편포
천한,칡차,천한 칡차
총명한,칼국수,총명한 칼국수
최초의,코다리찜,최초의 코다리찜
변덕스러운,콩,변덕스러운 콩
조용한,콩국,조용한 콩국
추운,콩국수,추운 콩국수
출출한,콩나물,출출한 콩나물
춤추는,콩나물국,춤추는 콩나물국
존경할 만한,콩나물무침,존경할 만한 콩나물무침
친절한,콩나물밥,친절한 콩나물밥
침울한,콩나물잡채,침울한 콩나물잡채
지루한,콩찰떡,지루한 콩찰떡
침착한,콩밥,침착한 콩밥
탐정,콩비지찌개,탐정 콩비지찌개
튼튼한,콩잎김치,튼튼한 콩잎김치
편견없는,콩자반,편견없는 콩자반
평화로운,콩죽,평화로운 콩죽
폭력적인,콩팥구이,폭력적인 콩팥구이
푸석푸석한,탕,푸석푸석한 탕
하찮은,탕평채,하찮은 탕평채
우스꽝스러운,토란국,우스꽝스러운 토란국
학교 가는,토란줄기찜,학교 가는 토란줄기찜
호의적인,토장국,호의적인 토장국
긍정적인,토하젓,긍정적인 토하젓
혼란스러운,톳나물,혼란스러운 톳나물
확실한,통닭구이,확실한 통닭구이
회의적인,통배추김치,회의적인 통배추김치
냉소적인,튀각,냉소적인 튀각
흥분한,튀밥,흥분한 튀밥
힙합을 즐기는,파,힙합을 즐기는 파
검소한,파강회,검소한 파강회
독특한,파김치,독특한 파김치
무지한,파래,무지한 파래
별난,파래무침,별난 파래무침
엄격한,파래된장국,엄격한 파래된장국
정신이 초롱초롱한,파전,정신이 초롱초롱한 파전
조잡한,파채,조잡한 파채
가느다란,팟국,가느다란 팟국
가혹한,팥,가혹한 팥
간결한,시루떡,간결한 시루떡
간단한,팥밥,간단한 팥밥
감동적인,팥죽,감동적인 팥죽
감상적인,패주구이,감상적인 패주구이
감탄하는,편수,감탄하는 편수
갑작스러운,편육,갑작스러운 편육
강력한,편포,강력한 편포
강렬한,평양냉면,강렬한 평양냉면
객관적인,포,객관적인 포
거대한,통배추김치,거대한 통배추김치
거만한,표고버섯,거만한 표고버섯
거친,표고전,거친 표고전
걱정스러운,풋고추,걱정스러운 풋고추
건강에 좋은,한과,건강에 좋은 한과
건설적인,한정식,건설적인 한정식
검소한,한치물회,검소한 한치물회
겁 많은,한치회덮밥,겁 많은 한치회덮밥
신중한,함흥냉면,신중한 함흥냉면
겁나 많은,합자죽,겁나 많은 합자죽
겁에 질린,해물겨자채,겁에 질린 해물겨자채
게으른,해물된장찌개,게으른 해물된장찌개
결백한,해물전,결백한 해물전
겸손한,해물전골,겸손한 해물전골
고독한,해물파전,고독한 해물파전
고상한,해삼,고상한 해삼
고양이를 좋아하는,해삼초회,고양이를 좋아하는 해삼초회
고요한,해삼탕,고요한 해삼탕
고집 센,해장국,고집 센 해장국
공격적인,해파리냉채,공격적인 해파리냉채
공경할 만한,헛제삿밥,공경할 만한 헛제삿밥
공손한,호두,공손한 호두
공정한,호두조림,공정한 호두조림
교만한,호박,교만한 호박
교활한,호박고지떡,교활한 호박고지떡
국산,호박김치,국산 호박김치
군대,호박나물,군대 호박나물
귀중한,호박범벅,귀중한 호박범벅
그럴 듯한,호박볶음,그럴 듯한 호박볶음
근면한,애호박찜,근면한 애호박찜
근본 없는,호박잎쌈,근본 없는 호박잎쌈
긍정적인,호박전,긍정적인 호박전
기름진,호박죽,기름진 호박죽
기묘한,홍어,기묘한 홍어
기쁜,홍어찜,기쁜 홍어찜
긴장을 푼,홍어회,긴장을 푼 홍어회
길 잃은,홍합,길 잃은 홍합
깜짝 놀란,홍합미역국,깜짝 놀란 홍합미역국
깨끗한,홍합죽,깨끗한 홍합죽
끊임없는,홍합초,끊임없는 홍합초
나는,화양적,나는 화양적
낙담한,화전,낙담한 화전
난처한,화채,난처한 화채
날아다니는,황태구이,날아다니는 황태구이
날카로운,회,날카로운 회
낭만적인,회냉면,낭만적인 회냉면
내가 좋아하는,회덮밥,내가 좋아하는 회덮밥
내성적인,흑임자죽,내성적인 흑임자죽
내키지 않는,흰떡,내키지 않는 흰떡
냉담한,흰죽,냉담한 흰죽
냉소적인,팥밥,냉소적인 팥밥
냉정한,팥죽,냉정한 팥죽
너그러운,패주구이,너그러운 패주구이
너를 기다리는,편수,너를 기다리는 편수
넘어진,편육,넘어진 편육
노란,편포,노란 편포
논쟁적인,평양냉면,논쟁적인 평양냉면
놀란,포,놀란 포
누구나 탐내는,통배추김치,누구나 탐내는 통배추김치
눈에 띄는,표고버섯,눈에 띄는 표고버섯
눈에 보이는,표고전,눈에 보이는 표고전
다양한,풋고추,다양한 풋고추
단조로운,한과,단조로운 한과
공손한,한정식,공손한 한정식
단호한,한치물회,단호한 한치물회
당황한,한치회덮밥,당황한 한치회덮밥
대기타고 있는,함흥냉면,대기타고 있는 함흥냉면
대담한,합자죽,대담한 합자죽
덧없는,해물겨자채,덧없는 해물겨자채
도덕적인,해물된장찌개,도덕적인 해물된장찌개
동그란,해물전,동그란 해물전
동정받는,해물전골,동정받는 해물전골
두꺼운,해물파전,두꺼운 해물파전
두려운,해삼,두려운 해삼
둔한,해삼초회,둔한 해삼초회
드문,해삼탕,드문 해삼탕
듣도 보도 못한,해장국,듣도 보도 못한 해장국
따뜻한,콩나물,따뜻한 콩나물
딱딱한,콩나물국,딱딱한 콩나물국
똑똑한,콩나물무침,똑똑한 콩나물무침
뛰어난,콩나물밥,뛰어난 콩나물밥
마음이 따뜻한,콩나물잡채,마음이 따뜻한 콩나물잡채
마음이 약한,콩찰떡,마음이 약한 콩찰떡
만능 엔터테이너,콩밥,만능 엔터테이너 콩밥
만족스러운,콩비지찌개,만족스러운 콩비지찌개
맛있는,콩잎김치,맛있는 콩잎김치
매우 높은,콩자반,매우 높은 콩자반
매우 많은 양의,콩죽,매우 많은 양의 콩죽
매혹적인,콩팥구이,매혹적인 콩팥구이
머리아픈,탕,머리아픈 탕
명백한,탕평채,명백한 탕평채
모욕적인,토란국,모욕적인 토란국
몹시 작은,토란줄기찜,몹시 작은 토란줄기찜
몹쓸,토장국,몹쓸 토장국
못된,토하젓,못된 토하젓
무관심한,톳나물,무관심한 톳나물
대담한,통닭구이,대담한 통닭구이
무례한,통배추김치,무례한 통배추김치
무모한,튀각,무모한 튀각
무서운,튀밥,무서운 튀밥
빛나는,파,빛나는 파
무서워하는,파강회,무서워하는 파강회
무심한,파김치,무심한 파김치
무자비한,파래,무자비한 파래
문 밖의,파래무침,문 밖의 파래무침
물리적인,파래된장국,물리적인 파래된장국
물에 빠진,파전,물에 빠진 파전
미래에서 온,가락국수,미래에서 온 가락국수
아름다운,가래떡,아름다운 가래떡
미묘한,가오리찜,미묘한 가오리찜
미숙한,가자미,미숙한 가자미
민감한,가자미구이,민감한 가자미구이
바람직한,가자미식해,바람직한 가자미식해
반어적인,가자미조림,반어적인 가자미조림
발명에 재능이 있는,가지,발명에 재능이 있는 가지
배부른,가지나물,배부른 가지나물
배우가 되고 싶은,가지선,배우가 되고 싶은 가지선
변덕스러운,가지전,변덕스러운 가지전
변하기 쉬운,가지찜,변하기 쉬운 가지찜
변함없는,간볶음,변함없는 간볶음
별난,간장,별난 간장
보다 열등한,간장게장,보다 열등한 간장게장
보수적인,간전,보수적인 간전
보통의,간회,보통의 간회
복잡한,갈비구이,복잡한 갈비구이
부끄러운,갈비찜,부끄러운 갈비찜
부드러운,갈비탕,부드러운 갈비탕
부러워 하는,국수장국,부러워 하는 국수장국
부정적인,국수전골,부정적인 국수전골
부족한,국화주,부족한 국화주
부주의한,굴,부주의한 굴
북극에서 온,굴밥,북극에서 온 굴밥
분노에 찬,굴비,분노에 찬 굴비
분명한,굴전,분명한 굴전
불량한,굴젓,불량한 굴젓
불쌍한,굴탕,불쌍한 굴탕
불안한,굴튀김,불안한 굴튀김
불운한,귤,불운한 귤
불합리한,김,불합리한 김
비 맞은,김구이,비 맞은 김구이
비공식적인,김무침,비공식적인 김무침
비관적인,김밥,비관적인 김밥
비극적인,김부각,비극적인 김부각
비꼬는,김치,비꼬는 김치
비슷한,김치냉면,비슷한 김치냉면
비정상적인,김치누름적,비정상적인 김치누름적
비참한,김치만두,비참한 김치만두
비판적인,김치말이,비판적인 김치말이
빈약한,김치밥,빈약한 김치밥
빈정거리는,김치볶음,빈정거리는 김치볶음
빈틈없는,가락국수,빈틈없는 가락국수
빛나는,가래떡,빛나는 가래떡
빠른,가오리찜,빠른 가오리찜
뻣뻣한,가자미,뻣뻣한 가자미
사교적인,가자미구이,사교적인 가자미구이
사나운,가자미식해,사나운 가자미식해
사려 깊은,가자미조림,사려 깊은 가자미조림
사소한,가지,사소한 가지
외로운,가지나물,외로운 가지나물
사악한,가지선,사악한 가지선
상대적인,가지전,상대적인 가지전
생생한,가지찜,생생한 가지찜
서러운,간볶음,서러운 간볶음
섬세한,간장,섬세한 간장
성난,간장게장,성난 간장게장
성숙된,간전,성숙된 간전
성질을 잘내는,간회,성질을 잘내는 간회
세계 제일의,갈비구이,세계 제일의 갈비구이
세상에 무관심한,갈비찜,세상에 무관심한 갈비찜
소심한,갈비탕,소심한 갈비탕
솔직한,갈치구이,솔직한 갈치구이
수다쟁이,갈치조림,수다쟁이 갈치조림
수심에 잠긴,감,수심에 잠긴 감
수육이 되고 싶은,감자,수육이 되고 싶은 감자
수줍어하는,감자떡,수줍어하는 감자떡
숙달된,감자볶음,숙달된 감자볶음
순수한,감자송편,순수한 감자송편
순진한,감자전,순진한 감자전
숭고한,감자조림,숭고한 감자조림
스테미나,감잣국,스테미나 감잣국
슬퍼하는,갓김치,슬퍼하는 갓김치
슬픈,강냉이밥,슬픈 강냉이밥
습기 찬,강냉이범벅,습기 찬 강냉이범벅
시간을 잘 지키는,강정,시간을 잘 지키는 강정
시끄러운,갖은양념,시끄러운 갖은양념
시무룩한,개피떡,시무룩한 개피떡
신경질적인,건어포,신경질적인 건어포
신비한,겉절이,신비한 겉절이
신성한,게,신성한 게
신속한,게살전,신속한 게살전
신중한,게장,신중한 게장
심각한,겨자채,심각한 겨자채
심오한,겨자초장,심오한 겨자초장
심한,결명자차,심한 결명자차
쓸 데 없는,경단,쓸 데 없는 경단
쓸모없는,계란,쓸모없는 계란
쓸쓸한,계란탕,쓸쓸한 계란탕
정확한,계피차,정확한 계피차
아름다운,고구마,아름다운 고구마
아주 귀중한,고구마순나물,아주 귀중한 고구마순나물
악명 높은,고구마전,악명 높은 고구마전
안도의,고구마튀김,안도의 고구마튀김
안락한,고들빼기김치,안락한 고들빼기김치
알고 있는,고등어구이,알고 있는 고등어구이
알맞은,고등어조림,알맞은 고등어조림
애매한,고명,애매한 고명
야만적인,고물,야만적인 고물
야비한,고사리,야비한 고사리
야심찬,고사리나물,야심찬 고사리나물
이기적인,고추,이기적인 고추
약 오르는,고추볶음,약 오르는 고추볶음
어두운,고추장,어두운 고추장
어리둥절한,고추장아찌,어리둥절한 고추장아찌
어리석은,고추전,어리석은 고추전
어리숙한,고추조림,어리숙한 고추조림
어색한,고추찜,어색한 고추찜
어설픈,고춧가루,어설픈 고춧가루
