식당명,형식,이미지
챠이(Chai)797광화문점,.jpg,챠이(Chai)797광화문점.jpg
챠이(Chai)797광화문점,.jpg,챠이(Chai)797광화문점.jpg
챠이(Chai)797광화문점,.jpg,챠이(Chai)797광화문점.jpg
챠이(Chai)797광화문점,.jpg,챠이(Chai)797광화문점.jpg
챠이(Chai)797광화문점,.jpg,챠이(Chai)797광화문점.jpg
소호정 충정로점,.jpg,소호정 충정로점.jpg
서초원,.jpg,서초원.jpg
부산집,.jpg,부산집.jpg
광화문 아띠,.jpg,광화문 아띠.jpg
광화문 아띠,.jpg,광화문 아띠.jpg
라피아짜,.jpg,라피아짜.jpg
생어거스틴,.jpg,생어거스틴.jpg
생어거스틴,.jpg,생어거스틴.jpg
식객촌 태평로점,.jpg,식객촌 태평로점.jpg
대복집,.jpg,대복집.jpg
매드포갈릭 도곡점,.jpg,매드포갈릭 도곡점.jpg
매드포갈릭 도곡점,.jpg,매드포갈릭 도곡점.jpg
운산,.jpg,운산.jpg
운산,.jpg,운산.jpg
광화문 해리,.jpg,광화문 해리.jpg
노조미,.jpg,노조미.jpg
아라베스크,.jpg,아라베스크.jpg
아지오(AGIO),.jpg,아지오(AGIO).jpg
아지오(AGIO),.jpg,아지오(AGIO).jpg
누리,.jpg,누리.jpg
수연,.jpg,수연.jpg
수연,.jpg,수연.jpg
소소한 풍경,.jpg,소소한 풍경.jpg
조우,.jpg,조우.jpg
지화자 청운점,.jpg,지화자 청운점.jpg
더솔키친,.jpg,더솔키친.jpg
더솔키친,.jpg,더솔키친.jpg
마지,.jpg,마지.jpg
가스트로 통,.jpg,가스트로 통.jpg
곰솔,.jpg,곰솔.jpg
용수산,.jpg,용수산.jpg
용수산,.jpg,용수산.jpg
용수산,.jpg,용수산.jpg
용수산,.jpg,용수산.jpg
용수산,.jpg,용수산.jpg
한미리 광화문점,.jpg,한미리 광화문점.jpg
한미리 광화문점,.jpg,한미리 광화문점.jpg
한미리 광화문점,.jpg,한미리 광화문점.jpg
퍼스트플로어,.jpg,퍼스트플로어.jpg
선인재,.jpg,선인재.jpg
푸주옥설렁탕,.jpg,푸주옥설렁탕.jpg
비스트로친친,.jpg,비스트로친친.jpg
아시아아시아,.jpg,아시아아시아.jpg
아시아아시아,.jpg,아시아아시아.jpg
아시아아시아,.jpg,아시아아시아.jpg
진아춘,.jpg,진아춘.jpg
콩두,.jpg,콩두.jpg
테라스222,.jpg,테라스222.jpg
어부가,.jpg,어부가.jpg
들풀,.jpg,들풀.jpg
에코밥상,.jpg,에코밥상.jpg
웨스트코너,.jpg,웨스트코너.jpg
소문,.jpg,소문.jpg
매드포갈릭 도곡점,.jpg,매드포갈릭 도곡점.jpg
순남시래기 광화문점,.jpg,순남시래기 광화문점.jpg
금강산,.jpg,금강산.jpg
